<?xml version="1.0" encoding="UTF-8"?>
<project-private xmlns="http://www.netbeans.org/ns/project-private/1">
    <editor-bookmarks xmlns="http://www.netbeans.org/ns/editor-bookmarks/2" lastBookmarkId="0"/>
    <open-files xmlns="http://www.netbeans.org/ns/projectui-open-files/2">
        <group>
            <file>file:/D:/A_visual/pruebaaax.com/Template5_35xc2_10.X/pinguino/workspace.c</file>
            <file>file:/D:/A_visual/pruebaaax.com/Template5_35xc2_10.X/app/app_device_custom_hid.c</file>
            <file>file:/D:/A_visual/pruebaaax.com/Template5_35xc2_10.X/pinguino/mathlib.c</file>
            <file>file:/D:/A_visual/pruebaaax.com/Template5_35xc2_10.X/pinguino/typedef.h</file>
        </group>
    </open-files>
</project-private>
